{"mean":{"confidence_interval":{"confidence_level":0.95,"lower_bound":4297967.149230769,"upper_bound":4882247.246923077},"point_estimate":4592322.120000001,"standard_error":150186.4428235829},"median":{"confidence_interval":{"confidence_level":0.95,"lower_bound":4149753.846153846,"upper_bound":5401573.384615385},"point_estimate":4649400.192307692,"standard_error":319910.386617446},"median_abs_dev":{"confidence_interval":{"confidence_level":0.95,"lower_bound":1294665.2018535598,"upper_bound":2227299.3341652243},"point_estimate":1912247.6951046635,"standard_error":245389.6155275269},"slope":null,"std_dev":{"confidence_interval":{"confidence_level":0.95,"lower_bound":1360214.8283789647,"upper_bound":1629514.1687840766},"point_estimate":1507222.4099563658,"standard_error":68896.23333146257}}